task,source,query,query_step,matched_source_step,diverge_step,reason_class,command_excerpt
biofabric-rust-rewrite,biofabric-rust-rewrite-20260901-182909,biofabric-rust-rewrite-20260901-183348-f6b03654,4,1,2,safe_read,grep -R -nE 'todo!\(\)|unimplemented' crates/core/src crates/cli/src crates/core/tests/parity_tests/runners.rs; sed -n '
biofabric-rust-rewrite,biofabric-rust-rewrite-20260901-182909,biofabric-rust-rewrite-20260901-183422-298ee0c3,2,1,2,safe_read,grep -RInE 'todo!|unimplemented!|TODO' crates/core/src crates/cli/src crates/core/tests/parity_tests/runners.rs || true;
biofabric-rust-rewrite,biofabric-rust-rewrite-20260901-182909,biofabric-rust-rewrite-20260901-183422-298ee0c3,3,1,2,safe_read,grep -RInE 'todo!|unimplemented!|TODO' crates/core/src crates/cli/src crates/core/tests/parity_tests/runners.rs || true;
biofabric-rust-rewrite,biofabric-rust-rewrite-20260901-183348-f6b03654,biofabric-rust-rewrite-20260901-183422-298ee0c3,2,1,2,safe_read,grep -RInE 'todo!|unimplemented!|TODO' crates/core/src crates/cli/src crates/core/tests/parity_tests/runners.rs || true;
biofabric-rust-rewrite,biofabric-rust-rewrite-20260901-183348-f6b03654,biofabric-rust-rewrite-20260901-183422-298ee0c3,3,1,2,safe_read,grep -RInE 'todo!|unimplemented!|TODO' crates/core/src crates/cli/src crates/core/tests/parity_tests/runners.rs || true;
biofabric-rust-rewrite,biofabric-rust-rewrite-20260901-183422-298ee0c3,biofabric-rust-rewrite-20260901-183348-f6b03654,4,1,2,safe_read,grep -R -nE 'todo!\(\)|unimplemented' crates/core/src crates/cli/src crates/core/tests/parity_tests/runners.rs; sed -n '
jax-pytorch-rewrite,jax-pytorch-rewrite-20260901-182955,jax-pytorch-rewrite-20260901-183453-811031fb,2,1,2,other,for f in src/paldea_lab/model_optimized.py src/paldea_lab/charizard_torch.py src/paldea_lab/mewtwo_jax.py src/paldea_lab
jax-pytorch-rewrite,jax-pytorch-rewrite-20260901-182955,jax-pytorch-rewrite-20260901-183453-811031fb,3,1,2,other,for f in src/paldea_lab/model_optimized.py src/paldea_lab/charizard_torch.py src/paldea_lab/mewtwo_jax.py src/paldea_lab
jax-pytorch-rewrite,jax-pytorch-rewrite-20260901-183429-fc340c07,jax-pytorch-rewrite-20260901-183453-811031fb,2,1,2,other,for f in src/paldea_lab/model_optimized.py src/paldea_lab/charizard_torch.py src/paldea_lab/mewtwo_jax.py src/paldea_lab
jax-pytorch-rewrite,jax-pytorch-rewrite-20260901-183429-fc340c07,jax-pytorch-rewrite-20260901-183453-811031fb,3,1,2,other,for f in src/paldea_lab/model_optimized.py src/paldea_lab/charizard_torch.py src/paldea_lab/mewtwo_jax.py src/paldea_lab
kubernetes-rust-rewrite,kubernetes-rust-rewrite-20260901-182909,kubernetes-rust-rewrite-20260901-183348-25f97c19,2,1,2,safe_read,find crates -type f -path '*/src/*' -print | sort; echo '--- sizes ---'; find crates -type f -name '*.rs' -exec wc -l {}
kubernetes-rust-rewrite,kubernetes-rust-rewrite-20260901-182909,kubernetes-rust-rewrite-20260901-183348-25f97c19,3,1,2,safe_read,find crates -type f -path '*/src/*' -print | sort; echo '--- sizes ---'; find crates -type f -name '*.rs' -exec wc -l {}
kubernetes-rust-rewrite,kubernetes-rust-rewrite-20260901-182909,kubernetes-rust-rewrite-20260901-183348-25f97c19,4,1,2,safe_read,find crates -type f -path '*/src/*' -print | sort; echo '--- sizes ---'; find crates -type f -name '*.rs' -exec wc -l {}
ruby-rust-port,ruby-rust-port-20260901-183441-5baee8b8,ruby-rust-port-20260901-183519-e9a0c320,3,1,2,safe_read,"echo '--- Cargo.toml'; sed -n '1,220p' Cargo.toml; echo '--- src/main.rs'; sed -n '1,260p' src/main.rs; echo '--- start."
ruby-rust-port,ruby-rust-port-20260901-183441-5baee8b8,ruby-rust-port-20260901-183519-e9a0c320,4,1,2,safe_read,"echo '--- Cargo.toml'; sed -n '1,220p' Cargo.toml; echo '--- src/main.rs'; sed -n '1,260p' src/main.rs; echo '--- start."
ruby-rust-port,ruby-rust-port-20260901-183519-e9a0c320,ruby-rust-port-20260901-183441-5baee8b8,4,1,2,safe_read,"sed -n '1,260p' /app/src/main.rs; echo '---CARGO---'; sed -n '1,160p' /app/Cargo.toml; echo '---APP---'; sed -n '1,300p'"
slack-clone,slack-clone-20260904-091312,slack-clone-20260904-091800-cc597f4a,1,1,1,safe_read,pwd; bash /app/timer.sh; rg --files /app | head -80
slack-clone,slack-clone-20260904-091312,slack-clone-20260904-091800-cc597f4a,2,1,1,safe_read,pwd; bash /app/timer.sh; rg --files /app | head -80
slack-clone,slack-clone-20260904-091800-cc597f4a,slack-clone-20260904-091312,1,1,1,safe_read,"ls -la /app/ 2>/dev/null && echo ""---"" && cat /app/start.sh 2>/dev/null; echo ""---""; bash /app/timer.sh 2>/dev/null"
slack-clone,slack-clone-20260904-091800-cc597f4a,slack-clone-20260904-091312,2,1,1,safe_read,"ls -la /app/ 2>/dev/null && echo ""---"" && cat /app/start.sh 2>/dev/null; echo ""---""; bash /app/timer.sh 2>/dev/null"
slack-clone,slack-clone-20260904-091800-cc597f4a,slack-clone-20260904-091312,3,1,1,safe_read,"ls -la /app/ 2>/dev/null && echo ""---"" && cat /app/start.sh 2>/dev/null; echo ""---""; bash /app/timer.sh 2>/dev/null"
slack-clone,slack-clone-20260904-091800-cc597f4a,slack-clone-20260904-091312,4,1,1,safe_read,"ls -la /app/ 2>/dev/null && echo ""---"" && cat /app/start.sh 2>/dev/null; echo ""---""; bash /app/timer.sh 2>/dev/null"
slack-clone,slack-clone-20260904-091800-cc597f4a,slack-clone-20260904-091312,5,1,1,safe_read,"ls -la /app/ 2>/dev/null && echo ""---"" && cat /app/start.sh 2>/dev/null; echo ""---""; bash /app/timer.sh 2>/dev/null"
slack-clone,slack-clone-20260904-091800-cc597f4a,slack-clone-20260904-091312,6,1,1,safe_read,"ls -la /app/ 2>/dev/null && echo ""---"" && cat /app/start.sh 2>/dev/null; echo ""---""; bash /app/timer.sh 2>/dev/null"
vliw-kernel-optimization,vliw-kernel-optimization-20260901-183011,vliw-kernel-optimization-20260901-183459-b793d37f,1,1,1,safe_read,"sed -n '1,240p' /app/kernel.py; echo '---PROBLEM---'; sed -n '1,280p' /app/problem.py; echo '---TESTS---'; sed -n '1,240"
vliw-kernel-optimization,vliw-kernel-optimization-20260901-183011,vliw-kernel-optimization-20260901-183459-b793d37f,2,1,1,safe_read,"sed -n '1,240p' /app/kernel.py; echo '---PROBLEM---'; sed -n '1,280p' /app/problem.py; echo '---TESTS---'; sed -n '1,240"
vliw-kernel-optimization,vliw-kernel-optimization-20260901-183011,vliw-kernel-optimization-20260901-183540-74b9e1cb,1,1,1,safe_read,"sed -n '1,240p' /app/kernel.py; echo '---PROBLEM---'; sed -n '1,280p' /app/problem.py"
vliw-kernel-optimization,vliw-kernel-optimization-20260901-183011,vliw-kernel-optimization-20260901-183540-74b9e1cb,2,1,1,safe_read,"sed -n '1,240p' /app/kernel.py; echo '---PROBLEM---'; sed -n '1,280p' /app/problem.py"
vliw-kernel-optimization,vliw-kernel-optimization-20260901-183459-b793d37f,vliw-kernel-optimization-20260901-183011,1,1,1,other,path=/app/problem.py
vliw-kernel-optimization,vliw-kernel-optimization-20260901-183459-b793d37f,vliw-kernel-optimization-20260901-183011,2,1,1,other,path=/app/problem.py
vliw-kernel-optimization,vliw-kernel-optimization-20260901-183459-b793d37f,vliw-kernel-optimization-20260901-183011,3,1,1,other,path=/app/problem.py
vliw-kernel-optimization,vliw-kernel-optimization-20260901-183459-b793d37f,vliw-kernel-optimization-20260901-183011,4,1,1,other,path=/app/problem.py
vliw-kernel-optimization,vliw-kernel-optimization-20260901-183459-b793d37f,vliw-kernel-optimization-20260901-183011,5,1,1,other,path=/app/problem.py
vliw-kernel-optimization,vliw-kernel-optimization-20260901-183459-b793d37f,vliw-kernel-optimization-20260901-183011,6,1,1,other,path=/app/problem.py
vliw-kernel-optimization,vliw-kernel-optimization-20260901-183540-74b9e1cb,vliw-kernel-optimization-20260901-183011,1,1,1,other,path=/app/problem.py
vliw-kernel-optimization,vliw-kernel-optimization-20260901-183540-74b9e1cb,vliw-kernel-optimization-20260901-183011,2,1,1,other,path=/app/problem.py
vliw-kernel-optimization,vliw-kernel-optimization-20260901-183540-74b9e1cb,vliw-kernel-optimization-20260901-183011,3,1,1,other,path=/app/problem.py
vliw-kernel-optimization,vliw-kernel-optimization-20260901-183540-74b9e1cb,vliw-kernel-optimization-20260901-183011,4,1,1,other,path=/app/problem.py
vliw-kernel-optimization,vliw-kernel-optimization-20260901-183540-74b9e1cb,vliw-kernel-optimization-20260901-183011,5,1,1,other,path=/app/problem.py
vliw-kernel-optimization,vliw-kernel-optimization-20260901-183540-74b9e1cb,vliw-kernel-optimization-20260901-183011,6,1,1,other,path=/app/problem.py
wasm-simd,wasm-simd-20260901-182909,wasm-simd-20260901-183348-fcb6497c,1,1,1,safe_read,"find /app/interpreter -maxdepth 3 -type f | sort && printf '\n--- TODO/unsupported ---\n' && rg -n ""TODO|unimplemented|S"
wasm-simd,wasm-simd-20260901-182909,wasm-simd-20260901-183348-fcb6497c,2,1,1,safe_read,"find /app/interpreter -maxdepth 3 -type f | sort && printf '\n--- TODO/unsupported ---\n' && rg -n ""TODO|unimplemented|S"
wasm-simd,wasm-simd-20260901-182909,wasm-simd-20260901-183348-fcb6497c,3,1,1,safe_read,"find /app/interpreter -maxdepth 3 -type f | sort && printf '\n--- TODO/unsupported ---\n' && rg -n ""TODO|unimplemented|S"
wasm-simd,wasm-simd-20260901-182909,wasm-simd-20260901-183348-fcb6497c,4,1,1,safe_read,"find /app/interpreter -maxdepth 3 -type f | sort && printf '\n--- TODO/unsupported ---\n' && rg -n ""TODO|unimplemented|S"
wasm-simd,wasm-simd-20260901-182909,wasm-simd-20260901-183422-44812ba4,2,1,2,safe_read,ls -la /; find / -maxdepth 4 -type d \( -name interpreter -o -name spec_json \) 2>/dev/null | head -50
wasm-simd,wasm-simd-20260901-182909,wasm-simd-20260901-183422-44812ba4,3,1,2,safe_read,ls -la /; find / -maxdepth 4 -type d \( -name interpreter -o -name spec_json \) 2>/dev/null | head -50
wasm-simd,wasm-simd-20260901-182909,wasm-simd-20260901-183422-44812ba4,4,1,2,safe_read,ls -la /; find / -maxdepth 4 -type d \( -name interpreter -o -name spec_json \) 2>/dev/null | head -50
wasm-simd,wasm-simd-20260901-183348-fcb6497c,wasm-simd-20260901-182909,1,1,1,safe_read,find /app -type f | head -50; echo ---; ls /app/interpreter/src/
wasm-simd,wasm-simd-20260901-183348-fcb6497c,wasm-simd-20260901-183422-44812ba4,1,1,1,safe_read,"pwd; find /app/interpreter -maxdepth 3 -type f | sort; rg -n ""TODO|todo|unimplemented|SIMD|0xfd|FD|panic!|unwrap"" /app/i"
wasm-simd,wasm-simd-20260901-183348-fcb6497c,wasm-simd-20260901-183422-44812ba4,2,1,1,safe_read,"pwd; find /app/interpreter -maxdepth 3 -type f | sort; rg -n ""TODO|todo|unimplemented|SIMD|0xfd|FD|panic!|unwrap"" /app/i"
wasm-simd,wasm-simd-20260901-183348-fcb6497c,wasm-simd-20260901-183422-44812ba4,3,1,1,safe_read,"pwd; find /app/interpreter -maxdepth 3 -type f | sort; rg -n ""TODO|todo|unimplemented|SIMD|0xfd|FD|panic!|unwrap"" /app/i"
wasm-simd,wasm-simd-20260901-183348-fcb6497c,wasm-simd-20260901-183422-44812ba4,4,1,1,safe_read,"pwd; find /app/interpreter -maxdepth 3 -type f | sort; rg -n ""TODO|todo|unimplemented|SIMD|0xfd|FD|panic!|unwrap"" /app/i"
wasm-simd,wasm-simd-20260901-183422-44812ba4,wasm-simd-20260901-183348-fcb6497c,1,1,1,safe_read,"find /app/interpreter -maxdepth 3 -type f | sort && printf '\n--- TODO/unsupported ---\n' && rg -n ""TODO|unimplemented|S"
wasm-simd,wasm-simd-20260901-183422-44812ba4,wasm-simd-20260901-183348-fcb6497c,2,1,1,safe_read,"find /app/interpreter -maxdepth 3 -type f | sort && printf '\n--- TODO/unsupported ---\n' && rg -n ""TODO|unimplemented|S"
wasm-simd,wasm-simd-20260901-183422-44812ba4,wasm-simd-20260901-183348-fcb6497c,3,1,1,safe_read,"find /app/interpreter -maxdepth 3 -type f | sort && printf '\n--- TODO/unsupported ---\n' && rg -n ""TODO|unimplemented|S"
wasm-simd,wasm-simd-20260901-183422-44812ba4,wasm-simd-20260901-183348-fcb6497c,4,1,1,safe_read,"find /app/interpreter -maxdepth 3 -type f | sort && printf '\n--- TODO/unsupported ---\n' && rg -n ""TODO|unimplemented|S"
